date,symbol,chain,holders,pair_address
2026-09-14,AAPLc,base,498,0xA3b1E3f9747065e2073722Ff4c9027d3eA4994F0
2026-09-15,AAPLc,base,504,0xA3b1E3f9747065e2073722Ff4c9027d3eA4994F0
2026-09-16,AAPLc,base,516,0xA3b1E3f9747065e2073722Ff4c9027d3eA4994F0
2026-09-16,AINVDA,base,1117,0x5E05771902b5648923f09d4ee541Dec929EbF203
2026-09-30,ARROWFARM,robinhood,472,0x81Af43B4A865633Cd16c9758569CDB5846C54CAF
2026-09-14,BABAB,bsc,29614,0xfD95CB1391999006Eb91797a7c62acFe88b20292
2026-09-15,BinanceTown,bsc,1134,0xcEC13213c390d51121F82bA2ECafb8E11e0AF7a3
2026-09-17,BinanceTown,bsc,1066,0xcEC13213c390d51121F82bA2ECafb8E11e0AF7a3
2026-09-16,BNC,bsc,1073,0xDfE23efBdB03EA985c2423eb916FCA8Cae1d02eF
2026-09-16,cbADA,base,6058,0x8782d97C8b25B4d17dBFbaa03f25dC18e51e909D
2026-09-16,cbHYPE,base,28,0xD5Eaea9da564217EA101D1E369fDA168A3025686
2026-09-30,EUNICE,base,5311,0x8357668966377879be18A942029DAE8bA6B34dd8
2026-09-15,FlyBrain,bsc,1059,0xe029E52cE375eD5615655Fd0A129C7dad97Ee539
2026-09-15,FXIon,bsc,97013,0x8768C8969e177575e37435B8295aFa2DFB231C86
2026-09-16,GOOGLc,base,973,0xB1987CAD1682841b4b641d50E520777eC5Ab5542
2026-09-13,Hachiko,bsc,106266,0xE6EDC555061D1D9Fe0145867b7eA7b07Da840898
2026-09-20,IF,robinhood,8278,0x39A200271525E9641e799127bdAB299DAeF21953
2026-09-14,METAc,base,486,0xEAF57753BC382E0324a1D43F72E7027705a2273E
2026-09-15,METAc,base,489,0xEAF57753BC382E0324a1D43F72E7027705a2273E
2026-09-16,METAc,base,499,0xEAF57753BC382E0324a1D43F72E7027705a2273E
2026-09-14,MOMO,bsc,1973,0xbeD17Ca05Ca914ED977F86c53e8F2607D9F1c9eC
2026-09-15,MOMO,bsc,1828,0xbeD17Ca05Ca914ED977F86c53e8F2607D9F1c9eC
2026-09-14,MSFTc,base,32,0x7103eB3c9590d1281f7dc03b2A9EE27C39dF5D54
2026-09-15,MSFTc,base,32,0x7103eB3c9590d1281f7dc03b2A9EE27C39dF5D54
2026-09-16,MSFTc,base,36,0x7103eB3c9590d1281f7dc03b2A9EE27C39dF5D54
2026-09-14,MSTRc,base,21,0x8b27f626ab668197000BC722A1012022CAeD10E2
2026-09-15,MSTRc,base,22,0x8b27f626ab668197000BC722A1012022CAeD10E2
2026-09-16,MSTRc,base,24,0x8b27f626ab668197000BC722A1012022CAeD10E2
2026-09-21,MUSEWORLD,base,759,0x050e44afe314c0298d695f7e7b6bb4769475d7541a37da644950a59413460360
2026-09-30,MVP,bsc,4925,0xDBE36fC6ef1b51dd71FdbD136A03F413b83327aa
2026-09-15,NECTAR,bsc,2332,0x8e827dF9e84DFD58dc5a2ceDC0599737Fd332B90
2026-09-16,NVDAc,base,648,0x853F5f1B92b16714Fe6CDA67CAad0856B83C7ab9
2026-09-13,ODYS,arbitrum,1837,0x628854F0CFD7Debd6E04361421Ee9c06C77048c3
2026-09-16,ODYS,arbitrum,1837,0x628854F0CFD7Debd6E04361421Ee9c06C77048c3
2026-09-22,ODYS,arbitrum,1835,0x628854F0CFD7Debd6E04361421Ee9c06C77048c3
2026-09-15,quq,bsc,55373,0x9485Ff32b6b4444C21D5abe4D9a2283d127075a2
2026-09-16,quq,bsc,55351,0x9485Ff32b6b4444C21D5abe4D9a2283d127075a2
2026-09-29,ROBIN,robinhood,10111,0x5eac4195930d5ff8b7a34a347f2bde951c42eb730d6e26075bea3dd7c66feb40
2026-09-15,SEND,base,111,0x1d76B411576505E14D627C5D11bB48AB3f00d52A
2026-09-14,SNDKc,base,19,0x5A8236f575471e7BfCA2C8462a200c28f737246E
2026-09-15,SNDKc,base,19,0x5A8236f575471e7BfCA2C8462a200c28f737246E
2026-09-16,SNDKc,base,20,0x5A8236f575471e7BfCA2C8462a200c28f737246E
2026-09-14,SOCK,bsc,4670,0x5A5A549379DA0D7FE856C787daFAb43c3FAdc778
2026-09-14,SPCXc,base,37,0x0bf58fe0FAc935Ac69595c19B12Ba0d75E3F8c0E
2026-09-15,SPCXc,base,38,0x0bf58fe0FAc935Ac69595c19B12Ba0d75E3F8c0E
2026-09-16,SPCXc,base,45,0x0bf58fe0FAc935Ac69595c19B12Ba0d75E3F8c0E
2026-09-15,SPIRAL,base,116,0x672Be18C2fDB557725a349506bD04b6fd760C8Fa
2026-09-13,STONKS,robinhood,670,0x1b7d438a31ffa0602509208246d8db133e83e5197e709f9639fe0a2d8fd5c2fa
2026-09-14,Stonks,bsc,8967,0xDb6f1D044b8b2887a6C450D0D13176C81E3F936d
2026-09-16,Stonks,bsc,8424,0xDb6f1D044b8b2887a6C450D0D13176C81E3F936d
2026-09-14,TSLAc,base,32,0x469337fDcc5E8f38e2E4B670B04F57865D13a7BB
2026-09-15,TSLAc,base,33,0x469337fDcc5E8f38e2E4B670B04F57865D13a7BB
2026-09-16,TSLAc,base,38,0x469337fDcc5E8f38e2E4B670B04F57865D13a7BB
2026-09-21,WOOF,robinhood,5329,0x2a004148BE6eFeE250420d93a1AC6393E32D2D60
2026-09-15,うさぎ,bsc,3031,0xd6fE21107c05A153d419eDc3d93072066D52dFF9
2026-09-16,うさぎ,bsc,3211,0xd6fE21107c05A153d419eDc3d93072066D52dFF9
2026-09-14,哈基米,bsc,68841,0xc33bACFf9141Da689875e6381c1932348aB4c5CB
2026-09-13,牛梦,bsc,2562,0x33d2E1eeB4D399591C11ac9AD64863fa11678304
2026-09-14,(no longer listed),,28,0xd03Bc8C7F2FAedCe2aac81bF0444AEA08Ea06E9b
2026-09-14,(no longer listed),,1156,0xc2dd131e210679afff1749c7f5d219bf87e9dd436b0bdd48a6bd27075b205ac3
2026-09-14,(no longer listed),,114,0x717EE4956DD597ce604ddF3E11023DECB1cDA250
2026-09-14,(no longer listed),,5018,0xe6AF46BEc0506290c21C826BDD778288890560C0
2026-09-14,(no longer listed),,14151,0x3eA3f9a7B7EDBfe0Ba3568BFc0f30Ba870B7553d
2026-09-14,(no longer listed),,70881,0xbec6906a984f4695aca0f15BaFa7de5Eb45b54aB
2026-09-14,(no longer listed),,26212,0xB4Db9FCdA97fd7B02eAf1e8317E6DdB04BaCC1AF
2026-09-15,(no longer listed),,29,0xd03Bc8C7F2FAedCe2aac81bF0444AEA08Ea06E9b
2026-09-15,(no longer listed),,0,0x189FCfA548968cBd3b0118C2200F05dB00D429F1
2026-09-15,(no longer listed),,7005,0x75EDf59891509fcF12BD90243c6a531acf89c5cB
2026-09-15,(no longer listed),,164650,0xCF39e58ed4deCc9ef7Bdb2F9335602DC22BE99b4
2026-09-16,(no longer listed),,32,0xd03Bc8C7F2FAedCe2aac81bF0444AEA08Ea06E9b
2026-09-16,(no longer listed),,7293,0x51f0B932855986B0E621c9D4DB6Eee1f4644D3D2
2026-09-16,(no longer listed),,4898,0x95aAe67e62bd6C97eDE434BaA57C53C110845f9c
2026-09-16,(no longer listed),,5090,0x93f4D32A785aC185dd1Ed8De9da74E93BCe6E718
2026-09-16,(no longer listed),,4664,0xaF47941C13296B2A8E7a7d0f331793f0735c3910
2026-09-16,(no longer listed),,164650,0xCF39e58ed4deCc9ef7Bdb2F9335602DC22BE99b4
2026-09-16,(no longer listed),,8257,0x189FCfA548968cBd3b0118C2200F05dB00D429F1
2026-09-16,(no longer listed),,984,0x5018BE882DccE5E3F2f3B0913AE2096B9b3fB61f
2026-09-16,(no longer listed),,109,0x928e5328036180D1587a97c55B75B3Ea5ca0F348
2026-09-16,(no longer listed),,56,0x70A690E54860cA1140cdCe260a1EBa0277cdB806
