scan_date,tokens_total,Unclassified,Tokenised equities,Utilities,Dog & animal memes,AI,Classic memes,Wrapped assets,Launchpad / infra,Brand-name memes,Chain-native lore,Gold / BTC proxies,RWA,Stablecoins,KOL / personality,Leveraged tokens
2026-09-13,44,0,11,1,6,1,5,3,6,0,6,3,1,0,1,0
2026-09-14,73,3,20,10,4,5,9,1,4,10,3,1,0,0,0,3
2026-09-15,79,15,21,24,5,4,3,0,2,3,0,1,0,0,0,1
2026-09-16,63,0,13,12,1,2,17,0,2,16,0,0,0,0,0,0
2026-09-17,69,4,14,11,4,3,18,0,6,6,0,2,0,0,0,1
2026-09-18,52,14,10,2,15,3,1,0,2,3,0,2,0,0,0,0
2026-09-19,106,18,25,17,14,6,9,2,4,0,8,1,1,0,0,1
2026-09-20,72,8,17,18,7,4,9,4,1,1,1,1,1,0,0,0
2026-09-21,77,10,13,9,11,7,8,5,2,1,3,6,1,0,0,1
2026-09-22,111,10,20,30,11,5,6,12,2,3,1,1,2,7,0,1
2026-09-26,81,39,15,10,3,2,1,6,1,0,1,1,0,1,0,1
2026-09-27,78,44,6,10,5,5,1,3,1,0,1,1,0,0,1,0
2026-09-28,75,41,9,11,5,2,2,4,1,0,0,0,0,0,0,0
2026-09-29,91,23,12,16,7,10,6,6,2,2,2,0,3,1,0,1
2026-09-30,90,30,13,10,9,7,7,5,1,0,3,1,1,2,0,1
2026-10-02,92,36,12,12,8,6,3,6,1,1,1,2,2,0,2,0
2026-10-03,80,23,11,7,10,5,9,6,2,0,1,3,3,0,0,0
2026-10-04,83,23,7,10,12,14,6,3,2,0,1,2,2,1,0,0
2026-10-05,74,15,8,9,11,13,6,3,1,0,2,2,3,1,0,0
2026-10-06,61,9,11,9,7,8,4,3,1,0,1,1,3,0,4,0
2026-10-07,81,17,11,12,8,11,4,6,3,1,1,3,2,1,1,0
2026-10-08,81,21,12,12,6,6,7,7,2,1,2,2,1,1,1,0
2026-10-09,94,18,14,18,7,12,10,8,2,0,2,2,1,0,0,0
2026-10-10,71,16,14,16,3,7,2,4,2,0,2,1,1,1,2,0
2026-10-11,74,27,6,14,7,8,3,2,3,0,0,1,1,0,1,1
