listed_date,list,symbol,chain,listed_mcap_k,listed_price_usd,price_now_usd,change_since_listed_pct,best_pct,worst_pct,low_tracked_from_listing,days_since_listed,peak_on_day,pair_url
2026-10-11,pullback,SI276,solana,861.0,0.0008858,0.0008858,0.0,0.0,0.0,yes,0,0,https://dexscreener.com/solana/12jc1DzJpzbCDaKuM4brAKh9jcFry2TLG1FfGsL4ftCG
2026-10-11,igniting,RSGP,solana,1361.9,1.361e-05,1.361e-05,0.0,0.0,0.0,yes,0,0,https://dexscreener.com/solana/C8WBdieHDTjKC6u2X4vxNkHu61CsY3c3yQkVjdWYYjm1
2026-10-11,igniting,elizaOS,bsc,661.4,0.0003713,0.0003713,0.0,0.0,0.0,yes,0,0,https://dexscreener.com/bsc/0x56ADADF82E3346eb8317628df5ce1f776F89014D
2026-10-11,igniting,ALLOX,solana,1323.0,1.322e-05,1.322e-05,0.0,0.0,0.0,yes,0,0,https://dexscreener.com/solana/HikPqbKMSwFfwmqpNg9MgBC69L1nrnyf5p5oLLgTBihT
2026-10-10,shortlist,WhiteWhale,solana,1708.5,0.001708,0.001366,-20.0,0.0,-20.0,yes,1,0,https://dexscreener.com/solana/4qxSqMh6iEdbdvtMp8r5MK2psAGKNk57PfGeVo2VhczQ
2026-10-09,shortlist,DGUY,base,734.1,0.000767,0.0005782,-24.6,0.0,-24.6,yes,2,0,https://dexscreener.com/base/0x4bE684f77419999AA3E1162D25D9aE6FF64C05a0
2026-10-09,pullback,Frank,solana,709.3,0.0007462,0.0004426,-40.7,0.0,-40.7,yes,2,0,https://dexscreener.com/solana/745ATaSSWxvry5qt1XVv9eXuG884hDvNJfvA2o82dNBi
2026-10-09,pullback,elizaOS,bsc,921.9,0.000548,0.0003713,-32.2,0.0,-32.2,yes,2,0,https://dexscreener.com/bsc/0x56ADADF82E3346eb8317628df5ce1f776F89014D
2026-10-07,shortlist,FUSE,ethereum,1177.1,0.001237,0.0006782,-45.2,0.0,-47.6,yes,4,0,https://dexscreener.com/ethereum/0x90a64ed1c47392829a39df15ff25401c21818ea2db9e2538c9c25182f76b7c1e
2026-10-07,pullback,slopcannon,solana,970.3,0.001006,0.0003306,-67.1,0.0,-83.4,yes,4,0,https://dexscreener.com/solana/BNG5962Zkbd6ZFmfAKjtCF6Z2mJbA7qn97oMsQShspLP
2026-10-07,pullback,GOMO,solana,1576.6,0.001894,0.0009686,-48.9,0.0,-62.6,yes,4,0,https://dexscreener.com/solana/5a7QurJLARt146JajJYPe5nh6vLyFpN2QrHUSLqbsCZy
2026-10-06,shortlist,WORM,robinhood,1606.8,0.001669,0.001808,8.3,41.7,0.0,yes,5,1,https://dexscreener.com/robinhood/0xf49ee5b66c4e7163026e5d25e6a1f93cff46dca4d3752f712d181d9392c1d567
2026-10-06,shortlist,elizaOS,bsc,609.2,0.0003877,0.0003713,-4.2,98.7,-4.2,yes,5,2,https://dexscreener.com/bsc/0x56ADADF82E3346eb8317628df5ce1f776F89014D
2026-10-06,igniting,WORM,robinhood,1606.8,0.001669,0.001808,8.3,41.7,0.0,yes,5,1,https://dexscreener.com/robinhood/0xf49ee5b66c4e7163026e5d25e6a1f93cff46dca4d3752f712d181d9392c1d567
2026-10-04,shortlist,boar,base,1316.0,1.329e-05,3.247e-06,-75.6,0.0,-79.2,yes,7,0,https://dexscreener.com/base/0xef256e214c45aab706ca54d6e2c5d0ca42b87895a43e97b382ea012d13e78e49
2026-10-04,pullback,PWPLT,robinhood,521.3,5.213e-06,0.0,-100.0,0.0,-100.0,yes,7,0,https://dexscreener.com/robinhood/0xaf2a34fecf939f10f903944adf3d377dcd43360faa1724310668b0fd7aa12d96
2026-10-02,shortlist,Holdoween,solana,653.3,0.0006715,0.0003013,-55.1,0.0,-64.0,yes,9,0,https://dexscreener.com/solana/Apy5FShcDSLdyYSH4HWgY8zSFj4At8FbKeHZF3D72e9k
2026-09-30,pullback,Pygoscelis,solana,545.9,0.0005653,0.0002646,-53.2,0.0,-53.2,no (lows recorded from 2026-10-01),11,0,https://dexscreener.com/solana/5fPMykyh2Gc3HC3Rpj2TJQR2LnNuEm2tEEN6Nz9HMBv
2026-09-30,pullback,MVP,bsc,1231.5,0.001291,0.0007896,-38.8,0.0,-38.8,no (lows recorded from 2026-10-01),11,0,https://dexscreener.com/bsc/0xDBE36fC6ef1b51dd71FdbD136A03F413b83327aa
2026-09-30,pullback,EUNICE,base,1151.9,0.0005759,0.0003448,-40.1,4.9,-44.9,no (lows recorded from 2026-10-01),11,0,https://dexscreener.com/base/0x8357668966377879be18A942029DAE8bA6B34dd8
2026-09-30,pullback,ARROWFARM,robinhood,1025.9,480.53,376.46,-21.7,0.0,-21.7,no (lows recorded from 2026-10-01),11,0,https://dexscreener.com/robinhood/0x81Af43B4A865633Cd16c9758569CDB5846C54CAF
2026-09-30,igniting,JUMP,solana,1798.8,1.798e-05,0.0,-100.0,0.0,-100.0,no (lows recorded from 2026-10-01),11,0,https://dexscreener.com/solana/EeYdQrxko3AWEFfDHhzQ6wx24JnXnq48qUMNuDnFz1yt
2026-09-30,igniting,AXIS,solana,1611.7,1.611e-05,0.0,-100.0,0.0,-100.0,no (lows recorded from 2026-10-01),11,0,https://dexscreener.com/solana/V2VPbAauwgDd72bsvHTD1s81vUrYTnP4EAjQsjuFJ4F
2026-09-29,shortlist,ROBIN,robinhood,1678.0,0.001678,0.0007953,-52.6,0.0,-73.1,no (lows recorded from 2026-10-01),12,0,https://dexscreener.com/robinhood/0x5eac4195930d5ff8b7a34a347f2bde951c42eb730d6e26075bea3dd7c66feb40
2026-09-29,shortlist,Pumpoween,solana,997.0,0.00106,0.0008623,-18.7,19.4,-28.8,no (lows recorded from 2026-10-01),12,3,https://dexscreener.com/solana/8NVFB1unNk9aDtL5hooF8Hahf2rt4GLPWx9ctEadikHg
2026-09-29,igniting,XDP,solana,1443.5,1.443e-05,0.0,-100.0,96.3,-100.0,no (lows recorded from 2026-10-01),12,1,https://dexscreener.com/solana/8SZkDCsHSexNT4Mz54eGUiD8nUHUaStktR7H4kwsXXdX
2026-09-29,igniting,Pumpoween,solana,997.0,0.00106,0.0008623,-18.7,19.4,-28.8,no (lows recorded from 2026-10-01),12,3,https://dexscreener.com/solana/8NVFB1unNk9aDtL5hooF8Hahf2rt4GLPWx9ctEadikHg
2026-09-29,igniting,JUMP,solana,1357.9,1.357e-05,0.0,-100.0,91.8,-100.0,no (lows recorded from 2026-10-01),12,1,https://dexscreener.com/solana/AxGtLoCCfgXD1STXNUT8UFowHHQn4GEFPRg4wWi3uZXq
2026-09-29,igniting,AXIS,solana,1275.6,1.275e-05,0.0,-100.0,105.3,-100.0,no (lows recorded from 2026-10-01),12,1,https://dexscreener.com/solana/G9FyTYBehMn5uUnvw9TTx6deYFMg2mLDJzC8U6Je1mN7
2026-09-27,igniting,INTC,robinhood,1729.8,123.77,104.77,-15.4,0.0,-15.6,no (lows recorded from 2026-10-01),14,0,https://dexscreener.com/robinhood/0x7fb585f108d921de3b197cf7e26b5aebc96b035fec13f972b868e008ea062394
2026-09-26,shortlist,ARENA,solana,564.9,0.0005695,6.694e-06,-98.8,20.3,-98.8,no (lows recorded from 2026-10-01),15,1,https://dexscreener.com/solana/RbHYPnS9j1WYBsSsvorm9NXt8hLvsDV3YECZwGMV68T
2026-09-26,pullback,NPC,solana,1971.8,0.002131,7.025e-05,-96.7,0.0,-97.9,no (lows recorded from 2026-10-01),15,0,https://dexscreener.com/solana/BRjMA8UALNp3diTKHfdeAn5riQrYPoaYez7KhYWD4oEs
2026-09-26,pullback,Holdoween,solana,1226.2,0.00126,0.0003013,-76.1,0.0,-80.8,no (lows recorded from 2026-10-01),15,0,https://dexscreener.com/solana/Apy5FShcDSLdyYSH4HWgY8zSFj4At8FbKeHZF3D72e9k
2026-09-21,shortlist,WOOF,robinhood,856.4,8.563e-07,5.095e-07,-40.5,5.5,-71.9,no (lows recorded from 2026-10-01),20,1,https://dexscreener.com/robinhood/0x2a004148BE6eFeE250420d93a1AC6393E32D2D60
2026-09-21,shortlist,INU,solana,1482.8,0.001482,3.937e-05,-97.3,0.0,-97.6,no (lows recorded from 2026-10-01),20,0,https://dexscreener.com/solana/EqnkEMJN4mBWkjTWF5dqED31ax8SZm51suYHbe8PiWqJ
2026-09-21,pullback,MUSEWORLD,base,702.0,0.0007292,0.0001264,-82.7,57.4,-82.7,no (lows recorded from 2026-10-01),20,2,https://dexscreener.com/base/0x050e44afe314c0298d695f7e7b6bb4769475d7541a37da644950a59413460360
2026-09-21,pullback,CALI,solana,1025.9,0.001035,0.0004885,-52.8,1088.4,-52.8,no (lows recorded from 2026-10-01),20,8,https://dexscreener.com/solana/2i2iULr7UwK1SDRB17T5FUtiMnFQL7fyy7rh69brZihc
2026-09-20,shortlist,IF,robinhood,1439.5,0.001602,0.0003681,-77.0,364.5,-79.6,no (lows recorded from 2026-10-01),21,4,https://dexscreener.com/robinhood/0x39A200271525E9641e799127bdAB299DAeF21953
2026-09-19,shortlist,Pepe,solana,1501.1,0.001441,0.0008049,-44.1,23.0,-45.0,no (lows recorded from 2026-10-01),22,1,https://dexscreener.com/solana/FCEnSxyJfRSKsz6tASUENCsfGwKgkH6YuRn1AMmyHhZn
2026-09-17,shortlist,GRAMS,solana,869.9,0.0008699,0.0002114,-75.7,18.1,-79.8,no (lows recorded from 2026-10-01),24,2,https://dexscreener.com/solana/FxeRAf7vpaHjH2pzPQhR5bdh85gMLni11k7izjwaJMAa
2026-09-16,shortlist,Stonks,bsc,678.4,0.0006783,0.0006441,-5.0,1393.4,-5.0,no (lows recorded from 2026-10-01),25,9,https://dexscreener.com/bsc/0xDb6f1D044b8b2887a6C450D0D13176C81E3F936d
2026-09-16,shortlist,CX,solana,756.4,0.03138,0.03484,11.0,44.0,-5.1,no (lows recorded from 2026-10-01),25,4,https://dexscreener.com/solana/AtK4fYMF1mFosQn6qRiMJoE1hsjpCFwpTy1TKpE5Ez6E
2026-09-16,pullback,pill,solana,1600.3,0.001656,0.001293,-21.9,185.1,-21.9,no (lows recorded from 2026-10-01),25,2,https://dexscreener.com/solana/Bof2XL9zAbLZ15kzAXcXy39wDeZFgKwyvb3UVkv3FhsX
2026-09-15,shortlist,MENSA,solana,520.4,0.0005204,0.000288,-44.7,0.0,-44.7,no (lows recorded from 2026-10-01),26,0,https://dexscreener.com/solana/E8RJG3srQBiSFMxDwrKG2DkwpWGyK7UYcFjkaTs9tbrS
2026-09-15,shortlist,Machi,solana,642.6,0.0007461,0.000379,-49.2,0.0,-49.2,no (lows recorded from 2026-10-01),26,0,https://dexscreener.com/solana/7cmefCYxzK6yfBcmB4j234A3EKY2w13GfEdB3DJvNWzx
2026-09-15,pullback,BinanceTown,bsc,959.9,0.0009598,0.0,-100.0,0.0,-100.0,no (lows recorded from 2026-10-01),26,0,https://dexscreener.com/bsc/0xcEC13213c390d51121F82bA2ECafb8E11e0AF7a3
2026-09-14,pullback,YOYO,solana,1295.1,0.001296,0.0002464,-81.0,0.0,-91.6,no (lows recorded from 2026-10-01),27,0,https://dexscreener.com/solana/2eAX4Jgn81aaW7wGCoLc43NVrBcnswKKz7cmpE7unyqh
2026-09-12,shortlist,USEFUL,solana,1090,0.001089,0.0002907,-73.3,70.9,-73.3,no (lows recorded from 2026-10-01),29,4,https://dexscreener.com/solana/FZuTAARDYJapX7HqniQEzzDboNY8RT4FXCrakVFJap2R
2026-09-12,shortlist,STONKS,robinhood,811,0.0008114,6.914e-05,-91.5,0.0,-91.5,no (lows recorded from 2026-10-01),29,0,https://dexscreener.com/robinhood/0x1b7d438a31ffa0602509208246d8db133e83e5197e709f9639fe0a2d8fd5c2fa
2026-09-12,shortlist,ODYS,arbitrum,1381,0.001495,0.0002909,-80.5,0.0,-83.8,no (lows recorded from 2026-10-01),29,0,https://dexscreener.com/arbitrum/0x628854F0CFD7Debd6E04361421Ee9c06C77048c3
2026-09-12,shortlist,Hachiko,bsc,1218,0.001287,0.0007727,-40.0,0.0,-40.0,no (lows recorded from 2026-10-01),29,0,https://dexscreener.com/bsc/0xE6EDC555061D1D9Fe0145867b7eA7b07Da840898
2026-09-12,pullback,牛梦,bsc,611,0.0006111,5.157e-06,-99.2,1.1,-99.2,no (lows recorded from 2026-10-01),29,2,https://dexscreener.com/bsc/0x33d2E1eeB4D399591C11ac9AD64863fa11678304
2026-09-12,pullback,PAIRZ,solana,615,0.000638,4.15e-06,-99.3,0.0,-99.4,no (lows recorded from 2026-10-01),29,0,https://dexscreener.com/solana/8XXnvNEMU3UoMRPWY2KJBW5z1T2KKj6vH9WYJfcGDqYQ
