logged_date,symbol,chain,list,entry_mcap_k,entry_price_usd,price_now_usd,now_vs_entry,peak_vs_entry,peak_on_day,pair_url
2026-09-12,Hachiko,bsc,shortlist,1218,0.001287,0.0008209,0.638,1.0,0,https://dexscreener.com/bsc/0xE6EDC555061D1D9Fe0145867b7eA7b07Da840898
2026-09-12,ODYS,arbitrum,shortlist,1381,0.001495,0.0002702,0.181,1.0,0,https://dexscreener.com/arbitrum/0x628854F0CFD7Debd6E04361421Ee9c06C77048c3
2026-09-12,PAIRZ,solana,pullback,615,0.000638,4.009e-06,0.006,1.0,0,https://dexscreener.com/solana/8XXnvNEMU3UoMRPWY2KJBW5z1T2KKj6vH9WYJfcGDqYQ
2026-09-12,STONKS,robinhood,shortlist,811,0.0008114,7.055e-05,0.087,1.0,0,https://dexscreener.com/robinhood/0x1b7d438a31ffa0602509208246d8db133e83e5197e709f9639fe0a2d8fd5c2fa
2026-09-12,USEFUL,solana,shortlist,1090,0.001089,0.0002934,0.269,1.709,4,https://dexscreener.com/solana/FZuTAARDYJapX7HqniQEzzDboNY8RT4FXCrakVFJap2R
2026-09-12,牛梦,bsc,pullback,611,0.0006111,5.623e-06,0.009,1.011,2,https://dexscreener.com/bsc/0x33d2E1eeB4D399591C11ac9AD64863fa11678304
2026-09-14,YOYO,solana,pullback,1295.1,0.001296,0.0001662,0.128,1.0,0,https://dexscreener.com/solana/2eAX4Jgn81aaW7wGCoLc43NVrBcnswKKz7cmpE7unyqh
2026-09-15,BinanceTown,bsc,pullback,959.9,0.0009598,0.0,0.0,1.0,0,https://dexscreener.com/bsc/0xcEC13213c390d51121F82bA2ECafb8E11e0AF7a3
2026-09-15,MENSA,solana,shortlist,520.4,0.0005204,0.0003258,0.626,1.0,0,https://dexscreener.com/solana/E8RJG3srQBiSFMxDwrKG2DkwpWGyK7UYcFjkaTs9tbrS
2026-09-15,Machi,solana,shortlist,642.6,0.0007461,0.0004235,0.568,1.0,0,https://dexscreener.com/solana/7cmefCYxzK6yfBcmB4j234A3EKY2w13GfEdB3DJvNWzx
2026-09-16,CX,solana,shortlist,756.4,0.03138,0.03352,1.068,1.44,4,https://dexscreener.com/solana/AtK4fYMF1mFosQn6qRiMJoE1hsjpCFwpTy1TKpE5Ez6E
2026-09-16,Stonks,bsc,shortlist,678.4,0.0006783,0.000706,1.041,14.934,9,https://dexscreener.com/bsc/0xDb6f1D044b8b2887a6C450D0D13176C81E3F936d
2026-09-16,pill,solana,pullback,1600.3,0.001656,0.001647,0.995,2.851,2,https://dexscreener.com/solana/Bof2XL9zAbLZ15kzAXcXy39wDeZFgKwyvb3UVkv3FhsX
2026-09-17,GRAMS,solana,shortlist,869.9,0.0008699,0.0001755,0.202,1.181,2,https://dexscreener.com/solana/FxeRAf7vpaHjH2pzPQhR5bdh85gMLni11k7izjwaJMAa
2026-09-19,Pepe,solana,shortlist,1501.1,0.001441,0.0007931,0.55,1.23,1,https://dexscreener.com/solana/FCEnSxyJfRSKsz6tASUENCsfGwKgkH6YuRn1AMmyHhZn
2026-09-20,IF,robinhood,shortlist,1439.5,0.001602,0.0003263,0.204,4.645,4,https://dexscreener.com/robinhood/0x39A200271525E9641e799127bdAB299DAeF21953
2026-09-21,CALI,solana,pullback,1025.9,0.001035,0.001554,1.501,11.884,8,https://dexscreener.com/solana/2i2iULr7UwK1SDRB17T5FUtiMnFQL7fyy7rh69brZihc
2026-09-21,INU,solana,shortlist,1482.8,0.001482,4.298e-05,0.029,1.0,0,https://dexscreener.com/solana/EqnkEMJN4mBWkjTWF5dqED31ax8SZm51suYHbe8PiWqJ
2026-09-21,MUSEWORLD,base,pullback,702.0,0.0007292,0.0001362,0.187,1.574,2,https://dexscreener.com/base/0x050e44afe314c0298d695f7e7b6bb4769475d7541a37da644950a59413460360
2026-09-21,WOOF,robinhood,shortlist,856.4,8.563e-07,5.387e-07,0.629,1.055,1,https://dexscreener.com/robinhood/0x2a004148BE6eFeE250420d93a1AC6393E32D2D60
2026-09-26,ARENA,solana,shortlist,564.9,0.0005695,6.623e-06,0.012,1.203,1,https://dexscreener.com/solana/RbHYPnS9j1WYBsSsvorm9NXt8hLvsDV3YECZwGMV68T
2026-09-26,Holdoween,solana,pullback,1226.2,0.00126,0.000262,0.208,1.0,0,https://dexscreener.com/solana/Apy5FShcDSLdyYSH4HWgY8zSFj4At8FbKeHZF3D72e9k
2026-09-26,NPC,solana,pullback,1971.8,0.002131,4.388e-05,0.021,1.0,0,https://dexscreener.com/solana/BRjMA8UALNp3diTKHfdeAn5riQrYPoaYez7KhYWD4oEs
2026-09-29,Pumpoween,solana,shortlist,997.0,0.00106,0.001116,1.053,1.194,3,https://dexscreener.com/solana/8NVFB1unNk9aDtL5hooF8Hahf2rt4GLPWx9ctEadikHg
2026-09-29,ROBIN,robinhood,shortlist,1678.0,0.001678,0.0004578,0.273,1.0,0,https://dexscreener.com/robinhood/0x5eac4195930d5ff8b7a34a347f2bde951c42eb730d6e26075bea3dd7c66feb40
2026-09-30,ARROWFARM,robinhood,pullback,1025.9,480.53,376.46,0.783,1.0,0,https://dexscreener.com/robinhood/0x81Af43B4A865633Cd16c9758569CDB5846C54CAF
2026-09-30,EUNICE,base,pullback,1151.9,0.0005759,0.000319,0.554,1.049,0,https://dexscreener.com/base/0x8357668966377879be18A942029DAE8bA6B34dd8
2026-09-30,MVP,bsc,pullback,1231.5,0.001291,0.0008014,0.621,1.0,0,https://dexscreener.com/bsc/0xDBE36fC6ef1b51dd71FdbD136A03F413b83327aa
2026-09-30,Pygoscelis,solana,pullback,545.9,0.0005653,0.0002646,0.468,1.0,0,https://dexscreener.com/solana/5fPMykyh2Gc3HC3Rpj2TJQR2LnNuEm2tEEN6Nz9HMBv
2026-10-02,Holdoween,solana,shortlist,653.3,0.0006715,0.000262,0.39,1.0,0,https://dexscreener.com/solana/Apy5FShcDSLdyYSH4HWgY8zSFj4At8FbKeHZF3D72e9k
2026-10-04,PWPLT,robinhood,pullback,521.3,5.213e-06,0.0,0.0,1.0,0,https://dexscreener.com/robinhood/0xaf2a34fecf939f10f903944adf3d377dcd43360faa1724310668b0fd7aa12d96
2026-10-04,boar,base,shortlist,1316.0,1.329e-05,4.107e-06,0.309,1.0,0,https://dexscreener.com/base/0xef256e214c45aab706ca54d6e2c5d0ca42b87895a43e97b382ea012d13e78e49
2026-10-06,WORM,robinhood,shortlist,1606.8,0.001669,0.00193,1.156,1.417,1,https://dexscreener.com/robinhood/0xf49ee5b66c4e7163026e5d25e6a1f93cff46dca4d3752f712d181d9392c1d567
2026-10-06,elizaOS,bsc,shortlist,609.2,0.0003877,0.000548,1.413,1.987,2,https://dexscreener.com/bsc/0x56ADADF82E3346eb8317628df5ce1f776F89014D
2026-10-07,FUSE,ethereum,shortlist,1177.1,0.001237,0.0006477,0.524,1.0,0,https://dexscreener.com/ethereum/0x90a64ed1c47392829a39df15ff25401c21818ea2db9e2538c9c25182f76b7c1e
2026-10-07,GOMO,solana,pullback,1576.6,0.001894,0.0007075,0.374,1.0,0,https://dexscreener.com/solana/5a7QurJLARt146JajJYPe5nh6vLyFpN2QrHUSLqbsCZy
2026-10-07,slopcannon,solana,pullback,970.3,0.001006,0.0001672,0.166,1.0,0,https://dexscreener.com/solana/BNG5962Zkbd6ZFmfAKjtCF6Z2mJbA7qn97oMsQShspLP
2026-10-09,DGUY,base,shortlist,734.1,0.000767,0.000767,1.0,1.0,0,https://dexscreener.com/base/0x4bE684f77419999AA3E1162D25D9aE6FF64C05a0
2026-10-09,Frank,solana,pullback,709.3,0.0007462,0.0007462,1.0,1.0,0,https://dexscreener.com/solana/745ATaSSWxvry5qt1XVv9eXuG884hDvNJfvA2o82dNBi
2026-10-09,elizaOS,bsc,pullback,921.9,0.000548,0.000548,1.0,1.0,0,https://dexscreener.com/bsc/0x56ADADF82E3346eb8317628df5ce1f776F89014D
